{
  "AWSTemplateFormatVersion": "2010-09-09",
  "Transform": "AWS::Serverless-2016-10-31",
  "Description": "Cloudformation template to subscribe to DDB stream and add items to SQS",
  "Parameters": {
    "SHORTCODE": {
      "Type": "String",
      "Description": "The shortcode for tags",
      "Default": "mabr8"
    },
    "BRANCHNAME": {
      "Type": "String",
      "Default": "main",
      "Description": "Branchname for the deployment"
    },
    "PROJECTNAME": {
      "Type": "String",
      "Default": "queuescaling",
      "Description": "Project name for the deployment"
    },
    "CERTARN": {
      "Type": "String",
      "Description": "Certificate for CloudFront deployment *.nhsdta.com - in US East 1",
      "Default": "arn:aws:acm:us-east-1:865198111306:certificate/a707a2d1-5966-4ac3-abe6-e17e71a41f4a"
    },
    "HOSTEDZONEID": {
      "Type": "String",
      "Description": "NHSD TA Hosted Zone identifier for DNS entries",
      "Default": "Z1075FNTZPAM5I"
    },
    "HOSTEDZONESUFFIX": {
      "Type": "String",
      "Description": "Hosted Zone DNS suffix",
      "Default": "nhsdta.com"
    }
  },
  "Globals": {
    "Function": {
      "Tags": {
        "shortcode": { "Ref": "SHORTCODE" }
      },
      "Environment": {
        "Variables": {
          "BRANCHNAME": { "Ref": "BRANCHNAME" }
        }
      },
      "Timeout": 300
    }
  },
  "Resources": {
    "deliveryQueue": {
      "Type" : "AWS::SQS::Queue",
      "Properties" : {
        "DelaySeconds" : 0,
        "KmsMasterKeyId" : "alias/aws/sqs",
        "MaximumMessageSize" : 262144,
        "MessageRetentionPeriod" : 345600,
        "QueueName" : {"Fn::Join": ["-", [{ "Ref": "BRANCHNAME" }, { "Ref": "PROJECTNAME" } , "deliveryQueue"]]},
        "Tags" : [ {
            "Key" : "shortcode",
            "Value" : { "Ref" : "SHORTCODE" }
        }],
        "VisibilityTimeout" : 300
      }
    },
    "enrichRequestFunction": {
      "Type": "AWS::Lambda::Function",
      "Properties": {
        "Code": "1677773114stack003lambdas.zip",
        "Description": "The lambda function that receives messages from SQS, enriches the items and adds enriched data to DDB",
        "Environment": {
          "Variables" : {
            "DELIVERYQUEUEURL" : {"Ref": "deliveryQueue"},
            "REQUESTSTABLENAME" : {"Fn::ImportValue" : {"Fn::Join": ["-", [{ "Ref": "BRANCHNAME" }, { "Ref": "PROJECTNAME" }, "requestsTable"]]}}
          }
        },
        "FunctionName": {
          "Fn::Join": ["-", [{ "Ref": "BRANCHNAME" }, { "Ref": "PROJECTNAME" } , "enrichRequestsFunction"]]
        },
        "Handler": "enrichrequests.handler",
        "Role": {"Fn::ImportValue" : {"Fn::Join": ["-", [{ "Ref": "BRANCHNAME" }, { "Ref": "PROJECTNAME" }, "queuescalingpocLambdaRoleArn"]]}},
        "Runtime": "nodejs16.x",
        "Tags": [{"Key": "shortcode", "Value": { "Ref": "SHORTCODE" }
        }],
        "Timeout": 300
      }
    },
    "SQSLambdaEventSource":{
      "Type" : "AWS::Lambda::EventSourceMapping",
      "Properties" : {
          "BatchSize" : 10,
          "Enabled" : true,
          "EventSourceArn" : {"Fn::ImportValue" : {"Fn::Join": ["-", [{ "Ref": "BRANCHNAME" }, { "Ref": "PROJECTNAME" }, "requestsQueueArn"]]}},
          "FunctionName" : {"Ref": "enrichRequestFunction"},
          "MaximumBatchingWindowInSeconds" : 1,
          "MaximumRecordAgeInSeconds" : -1,
          "MaximumRetryAttempts" : -1,
          "ScalingConfig": {
            "MaximumConcurrency" : 50
          }
        }
    }


  },
  "Outputs" : {
      "DeliveryQueueArn": {
          "Description" : "The Arn of the SQS Queue",
          "Value" : { "Fn::GetAtt": ["deliveryQueue", "Arn"] },
          "Export": {"Name": {"Fn::Join": ["-", [{ "Ref": "BRANCHNAME" }, { "Ref": "PROJECTNAME" }, "deliveryQueueArn"]]}}
      }
  }
}
